bottle_id,camera_name,frame_number,ocr_text,confidence,timestamp,processing_time
1,Front,0,qucuc;,0.5721156966365644,1763907600.220705,1763907600.220705
1,Back Left,0,Prim,0.5223432183265686,1763907603.0593526,1763907603.0593526
1,Back Right,0,10,0.9975625276565552,1763907605.808175,1763907605.808175
-1,Back Left,0,ch,0.9108086580750622,1763907606.743041,1763907606.743041
-1,Front,0,sttle,0.5874673104588984,1763907608.426002,1763907608.426002
1,Back Right,0,K),0.9690243937843095,1763907609.9630167,1763907609.9630167
-1,Back Left,0,tqqe,0.552442193031311,1763907612.427295,1763907612.427295
2,Top,0,6,0.8874477211537943,1763907612.4854765,1763907612.4854765
-1,Front,0,ottle,0.9997810447248671,1763907613.6494985,1763907613.6494985
4,Back Right,0,3,0.681207814950767,1763907614.6555378,1763907614.6555378
-1,Back Left,0,tch,0.99968547402218,1763907617.0344503,1763907617.0344503
-1,Front,0,le,0.9290358400307859,1763907617.9483354,1763907617.9483354
4,Top,0,5,0.5117871541806416,1763907618.101864,1763907618.101864
5,Back Right,0,K),0.8476736585693877,1763907619.4639864,1763907619.4639864
5,Back Left,0,h que,0.6315647077875142,1763907620.590017,1763907620.590017
5,Front,0,e,0.9999068997118776,1763907621.9078546,1763907621.9078546
5,Back Right,0,842,0.7410042111522538,1763907623.660866,1763907623.660866
-1,Back Left,0,ch,0.9470091396417301,1763907625.296454,1763907625.296454
-1,Front,0,ttle,0.9999940395355225,1763907626.5597517,1763907626.5597517
7,Back Right,0,K),0.9672527324018256,1763907628.0358715,1763907628.0358715
-1,Back Left,0,tch qu,0.6409745583542071,1763907629.9508927,1763907629.9508927
7,Front,0,ucuc;,0.5321809629022202,1763907631.8806767,1763907631.8806767
7,Back Right,0,K),0.8905249478904498,1763907632.2804477,1763907632.2804477
-1,Back Left,0,ch,0.9453828667992652,1763907633.8544266,1763907633.8544266
8,Front,0,le 7 (C,0.649998246372815,1763907635.2141893,1763907635.2141893
8,Back Right,0,RIMAGA,0.8637759724098673,1763907636.8833215,1763907636.8833215
-1,Back Left,0,quc,0.8651544134235578,1763907637.8899257,1763907637.8899257
-1,Front,0,39,0.9996850089865381,1763907639.178591,1763907639.178591
10,Back Right,0,K),0.9835117906253531,1763907640.8053434,1763907640.8053434
-1,Back Left,0,ch,0.7351629088309821,1763907642.3255405,1763907642.3255405
9,Top,0,C,0.8182046928006947,1763907643.7121344,1763907643.7121344
-1,Front,0,le 9 43,0.9954303685901592,1763907643.7434266,1763907643.7434266
10,Back Right,0,K),0.9950318116502629,1763907645.2270255,1763907645.2270255
-1,Back Left,0,quc,0.6267351514634659,1763907646.0239768,1763907646.0239768
11,Front,0,10 (C,0.7149337701075692,1763907647.509304,1763907647.509304
11,Back Right,0,642,0.7635010324556821,1763907649.1145806,1763907649.1145806
-1,Back Left,0,tch,0.9996847169734554,1763907649.9584625,1763907649.9584625
12,Top,0,0,0.9897016961872964,1763907651.1289935,1763907651.1289935
12,Front,0,10,0.656315302975443,1763907651.4524066,1763907651.4524066
12,Back Right,0,OK),0.5151946398807875,1763907652.6819649,1763907652.6819649
-1,Back Left,0,quc,0.6026013858650278,1763907653.8448792,1763907653.8448792
-1,Front,0,le 12,0.8643532208007771,1763907654.9622526,1763907654.9622526
13,Top,0,0,0.5332461736494487,1763907655.3628526,1763907655.3628526
14,Back Right,0,Ok),0.7810267857013494,1763907656.448427,1763907656.448427
-1,Back Left,0,ch,0.9635801793388067,1763907656.509659,1763907656.509659
-1,Front,0,Ok),0.6273732189970144,1763907657.702329,1763907657.702329
15,Back Right,0,K),0.7532165849147727,1763907659.0697565,1763907659.0697565
-1,Back Left,0,tch,0.9994675159846077,1763907660.389191,1763907660.389191
14,Top,0,ic,0.7517167169019234,1763907661.489849,1763907661.489849
-1,Front,0,14 (C 65,0.9379797847668988,1763907661.635392,1763907661.635392
15,Back Right,0,(NOK),0.9510816905247929,1763907663.3417947,1763907663.3417947
-1,Back Left,0,h quc,0.5226685623380505,1763907664.5015914,1763907664.5015914
-1,Front,0,15,0.9998059614237738,1763907665.64291,1763907665.64291
16,Back Right,0,HAGAZ,0.5389435466109888,1763907668.1170402,1763907668.1170402
-1,Back Left,0,ch,0.8050419693597372,1763907668.6994588,1763907668.6994588
-1,Front,0,16,0.9999103969758875,1763907669.994533,1763907669.994533
17,Back Right,0,Ok),0.5084776880975989,1763907671.650035,1763907671.650035
-1,Back Left,0,que,0.6813984327219986,1763907672.6692493,1763907672.6692493
-1,Front,0,17 (,0.9116930309402037,1763907673.8774357,1763907673.8774357
-1,Back Left,0,h que,0.7634049632301162,1763907677.375096,1763907677.375096
-1,Front,0,18 83,0.9999382981048108,1763907678.835396,1763907678.835396
20,Back Right,0,Ok),0.5983167146847232,1763907681.0218694,1763907681.0218694
-1,Back Left,0,ch quc,0.9587208980848617,1763907682.362185,1763907682.362185
-1,Front,0,9,0.5190852857258823,1763907684.0753126,1763907684.0753126
20,Back Right,0,K),0.658096931500535,1763907687.4627664,1763907687.4627664
21,Back Left,0,h quc,0.5097354123107463,1763907690.0792425,1763907690.0792425
-1,Front,0,20,0.8737955147658089,1763907692.3434615,1763907692.3434615
22,Back Right,0,K),0.9785633396197635,1763907695.9302297,1763907695.9302297
-1,Back Left,0,h que,0.6388418273536267,1763907699.9133632,1763907699.9133632
-1,Front,0,97,0.999515139994801,1763907702.573024,1763907702.573024
22,Back Right,0,K),0.96558973197782,1763907706.0986679,1763907706.0986679
-1,Back Left,0,1 que,0.5306485695217558,1763907708.099137,1763907708.099137
-1,Front,0,2 (0,0.8947453859120684,1763907711.4190195,1763907711.4190195
23,Back Right,0,Ok),0.7092700749098128,1763907714.82505,1763907714.82505
-1,Back Left,0,h que,0.6697334166994663,1763907717.3833113,1763907717.3833113
-1,Front,0,23 107,0.9993343796554935,1763907720.11864,1763907720.11864
24,Top,0,0,0.994777958221281,1763907720.3674653,1763907720.3674653
24,Back Right,0,JK),0.5711734288654738,1763907723.7365367,1763907723.7365367
-1,Back Left,0,que,0.6811485000213989,1763907725.4299207,1763907725.4299207
-1,Front,0,24 (( 112,0.9446730691083556,1763907727.8640976,1763907727.8640976
25,Back Right,0,OK),0.7312636375427246,1763907730.5419476,1763907730.5419476
26,Back Left,0,quc,0.9356832129326106,1763907732.8515375,1763907732.8515375
-1,Front,0,25,0.9999880303160049,1763907735.1829276,1763907735.1829276
27,Back Right,0,K),0.8328126901606302,1763907737.954709,1763907737.9557073
-1,Back Left,0,h que,0.5604323763940644,1763907741.3658893,1763907741.3658893
-1,Front,0,le 26,0.9840935500700057,1763907743.731483,1763907743.731483
27,Back Right,0,K),0.9362831839451671,1763907747.5840273,1763907747.5840273
-1,Back Left,0,que,0.9550766489078847,1763907751.2141507,1763907751.2141507
-1,Front,0,e 27,0.7778659613149916,1763907753.6654422,1763907753.6654422
28,Back Right,0,JK),0.5926666144513189,1763907757.5575206,1763907757.5575206
28,Top,0,0,0.6714852467053447,1763907764.5705328,1763907764.5705328
-1,Back Left,0,h quc,0.8622007438048578,1763907765.500417,1763907765.500417
29,Front,0,Ucuc;,0.533964786627687,1763907769.7372944,1763907769.7372944
29,Back Right,0,Ok),0.716361657622547,1763907770.5183022,1763907770.5183022
30,Front,0,Ucuc,0.6700946092605591,1763907792.267774,1763907792.267774
-1,Back Left,0,que,0.956134169175531,1763907793.6784794,1763907793.6784794
30,Back Right,0,PRIMA,0.6807853171605484,1763907794.4971633,1763907794.4971633
30,Back Left,0,PR,0.6013383647736625,1763907795.0945282,1763907795.0945282
31,Front,0,Ok),0.5442628162324007,1763907797.7017286,1763907797.7017286
31,Back Right,0,K),0.7709636558272401,1763907800.0852425,1763907800.0852425
-1,Back Left,0,1 quc,0.7242841685678068,1763907802.7721186,1763907802.7721186
-1,Front,0,31,0.9999429336440414,1763907805.0993302,1763907805.0993302
32,Back Right,0,K),0.6305952746276537,1763907807.8564043,1763907807.8564043
-1,Back Left,0,quc,0.6663903049845482,1763907810.256925,1763907810.256925
-1,Front,0,32 148,0.9999436823000851,1763907813.1383252,1763907813.1383252
34,Back Right,0,(Ok,0.651375730588641,1763907818.4486616,1763907818.4486616
-1,Back Left,0,h que,0.8336484289180967,1763907823.85983,1763907823.85983
-1,Front,0,tle 3 ID:,0.9970211468734012,1763907827.2428565,1763907827.2428565
34,Back Right,0,K),0.522904189763871,1763907829.6812685,1763907829.6812685
-1,Back Left,0,quc,0.8604837665040732,1763907833.0701134,1763907833.0701134
-1,Front,0,tle 3 ID: 15,0.8420199695050955,1763907835.8300934,1763907835.8300934
35,Back Right,0,Uk,0.6529202638308388,1763907838.63104,1763907838.63104
-1,Back Left,0,que,0.7450811874570632,1763907840.7771986,1763907840.7771986
-1,Front,0,35 164,0.9995604125923648,1763907843.3501046,1763907843.3501046
36,Back Right,0,Ok),0.7949650382496991,1763907846.3623967,1763907846.3623967
-1,Back Left,0,h que,0.7423518523731497,1763907852.0208585,1763907852.0208585
-1,Front,0,ttle,0.9998416304588318,1763907854.3580441,1763907854.3580441
37,Top,0,0,0.9910727601078442,1763907854.4457123,1763907854.4457123
37,Back Right,0,JK),0.5676500992869645,1763907858.0629463,1763907858.0629463
-1,Back Left,0,que,0.9489810660910588,1763907861.866335,1763907861.866335
38,Front,0,"44G""",0.5399723649024963,1763907865.0692105,1763907865.0692105
39,Back Right,0,Ok),0.5656193432659383,1763907868.0309,1763907868.0309
-1,Back Left,0,quc,0.5583884904303493,1763907870.4955854,1763907870.4955854
-1,Front,0,tle 3e,0.7489853624300856,1763907872.638111,1763907872.638111
39,Back Right,0,K) 0,0.7234520546995942,1763907875.205589,1763907875.205589
40,Back Left,0,Uc,0.6902029185187496,1763907881.2818658,1763907881.2818658
-1,Front,0,tle ID:,0.9808036141042769,1763907886.0150735,1763907886.0150735
40,Back Right,0,JK),0.6385848852574516,1763907890.994678,1763907890.994678
-1,Back Left,0,que,0.759979440145129,1763907894.4779575,1763907894.4779575
-1,Front,0,40,0.7086211648097719,1763907898.5120757,1763907898.5120757
40,Top,0,(,0.9950774838798679,1763907900.638107,1763907900.638107
41,Back Right,0,K),0.776141664372468,1763907902.6632469,1763907902.6632469
42,Back Left,0,quc,0.8848728639931441,1763907907.2465897,1763907907.2465897
-1,Front,0,41,0.9999922449886813,1763907911.7509596,1763907911.7509596
42,Back Right,0,K),0.7948330884353819,1763907916.4480546,1763907916.4480546
-1,Back Left,0,quc,0.8362984869252362,1763907921.080349,1763907921.080349
-1,Front,0,42 95,0.9997322199250487,1763907926.534032,1763907926.534032
44,Back Right,0,K),0.516387614390396,1763907931.9644623,1763907931.9644623
44,Back Left,0,1 quc,0.7045698444921554,1763907938.7079842,1763907938.7079842
-1,Front,0,tle 43 ID: 20,0.8474463543072545,1763907944.3085525,1763907944.3085525
44,Back Right,0,K),0.8689705697570962,1763907948.9551094,1763907948.9551094
-1,Back Left,0,qu,0.9990632883996471,1763907950.8232548,1763907950.8232548
-1,Front,0,204,0.9999004789682105,1763907954.6334777,1763907954.6334777
45,Back Right,0,Ok),0.5966315984805296,1763907958.6330917,1763907958.6330917
-1,Back Left,0,h que,0.7588771696513372,1763907963.2286837,1763907963.2286837
-1,Front,0,ottle,0.5891231439937533,1763907965.4881196,1763907965.4881196
46,Back Right,0,RIMAGA?,0.6300847552958585,1763907970.2129211,1763907970.2129211
-1,Back Left,0,h que,0.9729439172011612,1763907970.5115838,1763907970.5115838
-1,Front,0,6 (O,0.5084704345934546,1763907973.1211936,1763907973.1211936
47,Back Right,0,Ok),0.5549860850765125,1763907975.8610713,1763907975.8610713
-1,Back Left,0,quc,0.6172899738365584,1763907979.4310992,1763907979.4310992
-1,Front,0,tle ID: 2,0.6344569875021726,1763907983.0311184,1763907983.0311184
48,Back Right,0,Prim,0.5866339802742004,1763907987.0077276,1763907987.0077276
-1,Back Right,0,Bottle48 YCLO PRIMAGA,0.9484723298177714,1763907989.8582196,1763907989.8582196
-1,Back Right,0,IBotle YCLO ID: PRIMAGA,0.871205333059326,1763907990.5000823,1763907990.5000823
-1,Back Left,0,ch qu,0.998174813555757,1763907991.2325277,1763907991.2325277
49,Top,0,5,0.641793895983156,1763907993.9696767,1763907993.9696767
-1,Front,0,e,0.959333136508068,1763907994.0541644,1763907994.0541644
49,Back Right,0,8037,0.5831654071807861,1763907996.651256,1763907996.651256
50,Back Left,0,h que,0.6676430667634087,1763908007.7742586,1763908007.7742586
50,Front,0,Ucu: GAZ,0.8134412189974101,1763908014.8210618,1763908014.8210618
50,Back Right,0,MAGA,0.7533264756202698,1763908017.0055778,1763908017.0055778
51,Back Left,0,quc,0.9011187304217229,1763908019.3529768,1763908019.3529768
-1,Front,0,50 236,0.9792590988334215,1763908022.4962358,1763908022.4962358
51,Back Right,0,Ok),0.6033454507769768,1763908026.0080392,1763908026.0080392
-1,Back Left,0,h que,0.7911121455622349,1763908030.0241463,1763908030.0241463
-1,Front,0,le 51 D: 24,0.8799521533909105,1763908032.3158445,1763908032.3158445
52,Back Right,0,OK),0.5047450698196703,1763908035.3752098,1763908035.3752098
-1,Back Left,0,h que,0.943437004653912,1763908036.9752011,1763908036.9752011
-1,Front,0,e 52 245,0.8139398237711433,1763908038.6624503,1763908038.6624503
53,Back Right,0,Ok),0.6035507028709325,1763908041.0898824,1763908041.0898824
-1,Back Left,0,h quc,0.63136736114151,1763908041.226557,1763908041.226557
-1,Front,0,Ok),0.6266306793460256,1763908043.0484402,1763908043.0484402
55,Back Right,0,8,0.726059096796039,1763908046.9969847,1763908046.9969847
55,Back Left,0,quc,0.5082623873069745,1763908049.9998586,1763908049.9998586
-1,Front,0,ttle,0.8380921648761483,1763908052.2669013,1763908052.2669013
55,Back Right,0,K),0.8652634588102605,1763908055.0238676,1763908055.0238676
-1,Back Left,0,h quc,0.5523802270627063,1763908058.632875,1763908058.632875
-1,Front,0,ttle,0.9999972581863403,1763908061.2438064,1763908061.2438064
56,Back Right,0,Ok),0.7976216933271392,1763908064.75729,1763908064.75729
-1,Back Left,0,h que,0.5763175286032275,1763908069.3686275,1763908069.3686275
-1,Front,0,tle,0.9999977975838318,1763908072.558628,1763908072.558628
57,Back Right,0,JK),0.6192099750522362,1763908077.6101086,1763908077.6101086
-1,Back Left,0,quc,0.6356963895536161,1763908080.6911895,1763908080.6911895
-1,Front,0,57 26,0.9999912756144731,1763908084.3578246,1763908084.3578246
58,Back Right,0,(OK),0.7298198854434377,1763908087.872078,1763908087.872078
-1,Back Left,0,h que,0.6067130445482183,1763908091.2194378,1763908091.2194378
-1,Front,0,58 27,0.8635133275717377,1763908095.3239522,1763908095.3239522
60,Back Right,0,K),0.7561913734648242,1763908097.8544044,1763908097.8544044
-1,Back Left,0,que,0.5548687995187785,1763908100.639798,1763908100.639798
-1,Front,0,ttle,0.9970861673355103,1763908102.821217,1763908102.821217
-1,Back Left,0,h que,0.706618999853888,1763908107.7926986,1763908107.7926986
60,Back Right,0,Jcue:,0.5088444743982596,1763908108.7301948,1763908108.7301948
-1,Front,0,le' 6C 28,0.7771469121067338,1763908109.5443764,1763908109.5443764
61,Top,0,0,0.5139330344360395,1763908109.8314273,1763908109.8314273
61,Back Right,0,OK),0.7886786872416172,1763908111.7967887,1763908111.7967887
62,Back Left,0,h quc,0.6459928269014008,1763908113.7696204,1763908113.7696204
-1,Front,0,61 286,0.9999546468327357,1763908115.687835,1763908115.687835
62,Back Right,0,Ok),0.794766684604779,1763908118.0080364,1763908118.0080364
-1,Back Left,0,quc,0.8867616143839631,1763908121.3408058,1763908121.3408058
63,Back Right,0,K),0.7299409493550529,1763908125.7117636,1763908125.7117636
-1,Back Left,0,quc,0.7367097089339038,1763908128.4405186,1763908128.4405186
-1,Front,0,tle 6 ID: 25,0.7546559575387755,1763908132.5549617,1763908132.5549617
64,Back Right,0,OK),0.5168756556795349,1763908136.4646301,1763908136.4646301
-1,Back Left,0,quc,0.678647300934613,1763908138.939393,1763908138.939393
64,Top,0,0,0.5747449408254965,1763908141.1487756,1763908141.1487756
-1,Front,0,tle 6 ID: 29,0.9231484912687395,1763908142.055984,1763908142.055984
65,Back Right,0,(Ok),0.5536351799964905,1763908144.9222505,1763908144.9222505
-1,Back Left,0,h que,0.5482969811775211,1763908151.15483,1763908151.15483
66,Front,0,Icuc,0.689823567867279,1763908157.3784254,1763908157.3784254
66,Back Right,0,Jue:,0.5746231079101562,1763908160.3425467,1763908160.3425467
66,Top,0,6,0.9851161326091393,1763908161.2136152,1763908161.2136152
-1,Back Left,0,ch,0.998416067626875,1763908161.26658,1763908161.26658
-1,Front,0,Jottle,0.641374491725728,1763908162.4425774,1763908162.4425774
68,Back Right,0,6,0.8595777436429586,1763908164.2650244,1763908164.2650244
-1,Back Left,0,h que,0.8398556986958139,1763908166.6307607,1763908166.6307607
-1,Front,0,67,0.9999860072749682,1763908168.6162648,1763908168.6162648
69,Back Right,0,Uk),0.7192500444462202,1763908172.593537,1763908172.593537
-1,Back Left,0,quc,0.5686790199546893,1763908174.0307896,1763908174.0307896
-1,Front,0,68 315,0.8075286465550828,1763908176.9487398,1763908176.9487398
69,Top,0,44,0.8919705694605611,1763908179.2305088,1763908179.2305088
69,Back Right,0,PRIMAG,0.8782936896714671,1763908180.0738409,1763908180.0738409
-1,Back Left,0,h quc,0.8024860283204759,1763908181.346217,1763908181.346217
-1,Front,0,69 319,0.9999293341812124,1763908183.3931062,1763908183.3931062
71,Back Right,0,K),0.886947918657257,1763908185.512783,1763908185.512783
71,Back Left,0,que,0.6076705176382303,1763908187.2398388,1763908187.2398388
-1,Front,0,70 ((,0.5878314024357438,1763908189.1770208,1763908189.1770208
71,Back Right,0,2,0.570701295913878,1763908191.680878,1763908191.680878
72,Back Left,0,quc,0.957491546374502,1763908193.0506446,1763908193.0506446
71,Top,0,6,0.6580133719599104,1763908194.061541,1763908194.061541
-1,Front,0,328,0.9367681924956974,1763908194.5761578,1763908194.5761578
73,Back Right,0,Rim,0.9844907548614416,1763908196.4847674,1763908196.4847674
-1,Back Left,0,h que,0.7173697130658035,1763908198.6589797,1763908198.6589797
-1,Front,0,tle,0.9999984170133134,1763908200.0228875,1763908200.0228875
73,Back Right,0,(Ok),0.6946325898170471,1763908201.8316078,1763908201.8316078
-1,Back Left,0,que,0.7310632774951173,1763908203.0583193,1763908203.0583193
73,Top,0,6,0.9095798552074577,1763908204.5656438,1763908204.5656438
-1,Front,0,73 336,0.9995204926203547,1763908204.6299934,1763908204.6299934
74,Top,0,0,0.8319978788063622,1763908204.8786998,1763908204.8786998
75,Back Right,0,~,0.5050267645210624,1763908205.862238,1763908205.862238
75,Back Left,0,quc,0.8042558127996454,1763908207.1533604,1763908207.1533604
-1,Front,0,(O,0.7644320076519499,1763908208.516006,1763908208.516006
76,Back Right,0,K),0.9602274875400821,1763908210.707595,1763908210.707595
-1,Back Left,0,quc,0.8603958073048428,1763908212.670425,1763908212.670425
-1,Front,0,75,0.9995761133160007,1763908214.3641272,1763908214.3641272
76,Back Right,0,K),0.9801419254710226,1763908216.0002973,1763908216.0002973
-1,Back Left,0,quc,0.6289034092961832,1763908217.9806669,1763908217.9806669
-1,Front,0,tle,0.9416832687721807,1763908219.5342073,1763908219.5342073
77,Back Right,0,JK),0.7443623517284599,1763908221.7135956,1763908221.7135956
-1,Back Left,0,h que,0.6173309966992861,1763908223.7735744,1763908223.7735744
77,Top,0,C,0.5250908802523213,1763908225.018936,1763908225.018936
-1,Front,0,35,0.9997402167101802,1763908225.3481584,1763908225.3481584
79,Back Right,0,Ok),0.5527280956074772,1763908227.5368006,1763908227.5368006
-1,Back Left,0,1 quc,0.6717327717440225,1763908228.7023787,1763908228.7023787
-1,Front,0,357,0.9975262018709239,1763908230.6426392,1763908230.6426392
79,Back Right,0,3,0.5806720153430298,1763908231.838374,1763908231.838374
-1,Back Left,0,quc,0.6331310609989492,1763908236.9841216,1763908236.9841216
80,Front,0,Ucuc,0.6614144444465637,1763908240.218694,1763908240.218694
80,Back Right,0,ucue:,0.5699628150317702,1763908244.717915,1763908244.717915
-1,Back Left,0,h,0.9997136797842501,1763908245.1524694,1763908245.1524694
81,Front,0,MAGA,0.7600091695785522,1763908247.1321843,1763908247.1321843
81,Top,0,0,0.9060483730310729,1763908247.190446,1763908247.190446
81,Back Right,0,JK),0.6306675430269509,1763908248.7034612,1763908248.7034612
-1,Back Left,0,h quc,0.5937402715884068,1763908251.6649768,1763908251.6649768
-1,Front,0,81,0.7497367110454995,1763908253.6782777,1763908253.6782777
82,Back Right,0,7037,0.6449562311172485,1763908255.090101,1763908255.090101
-1,Back Left,0,quc,0.8497572857384171,1763908259.0357022,1763908259.0357022
82,Top,0,0,0.7162778772561218,1763908259.2374377,1763908259.2374377
-1,Front,0,ttle,0.9999964237213135,1763908260.9490652,1763908260.9490652
84,Back Right,0,Jk),0.8227321976306042,1763908263.425615,1763908263.425615
-1,Back Left,0,quc,0.5251008934630157,1763908267.4512417,1763908267.4512417
-1,Front,0,ottle,0.9996755740251098,1763908270.9992216,1763908270.9992216
84,Back Right,0,(Ok),0.542536199092865,1763908274.221822,1763908274.221822
-1,Back Left,0,ch que,0.763822824968103,1763908279.55978,1763908279.55978
-1,Front,0,tle 8 ID:,0.9417423705310803,1763908282.361713,1763908282.361713
85,Back Right,0,Ok),0.5719549059867859,1763908285.7951393,1763908285.7951393
-1,Front,0,Ok),0.885170781022882,1763908289.2781882,1763908289.2781882
-1,Back Left,0,h,0.9963788449004483,1763908290.0209637,1763908290.0209637
86,Back Right,0,36 (NOK) 191,0.7670119636835968,1763908298.5727732,1763908298.5727732
87,Back Left,0,quc,0.865489640896187,1763908300.8395867,1763908300.8395867
87,Front,0,(OK,0.539745642561998,1763908301.8482149,1763908301.8482149
88,Back Right,0,K),0.9409015097512646,1763908308.3382204,1763908308.3382204
-1,Back Left,0,que,0.7233431089668094,1763908313.5611038,1763908313.5611038
-1,Front,0,ttle,0.9999844431877136,1763908317.2058058,1763908317.2058058
-1,Back Left,0,h quc,0.9213011732031792,1763908326.997558,1763908326.997558
-1,Front,0,ottle,0.8497808959926867,1763908330.6483016,1763908330.6483016
89,Top,0,3,0.9593450460852218,1763908331.6312659,1763908331.6312659
89,Back Right,0,JK),0.6777767556826297,1763908334.049995,1763908334.049995
-1,Back Left,0,quc,0.8591453521275383,1763908337.378798,1763908337.378798
-1,Front,0,89 409,0.9994383043194057,1763908340.4095309,1763908340.4095309
90,Back Right,0,Jk),0.6104503012959864,1763908344.1347904,1763908344.1347904
-1,Back Left,0,quc,0.6340650537016345,1763908346.84372,1763908346.84372
-1,Front,0,90 41,0.9989431717587562,1763908349.6333213,1763908349.6333213
91,Back Right,0,Ok),0.5588494554217628,1763908352.3208857,1763908352.3208857
-1,Back Left,0,h que,0.8319851525028626,1763908354.7490718,1763908354.7490718
92,Top,0,0,0.9968410683015918,1763908357.1026864,1763908357.1026864
-1,Front,0,81 41,0.9433206815719284,1763908357.250217,1763908357.250217
92,Back Right,0,Ok),0.6467633977299931,1763908359.9982436,1763908359.9982436
-1,Back Left,0,que,0.6250903745717724,1763908362.503787,1763908362.503787
-1,Front,0,92 423,0.8567240669340221,1763908365.950916,1763908365.950916
-1,Back Left,0,quc,0.8241751405746656,1763908376.6629453,1763908376.6629453
93,Back Right,0,Juc,0.5001611746817727,1763908378.5405366,1763908378.5405366
-1,Front,0,le 93 D: 42,0.8875852927381424,1763908381.2887201,1763908381.2887201
95,Back Right,0,K),0.8476231435380863,1763908385.6379824,1763908385.6379824
-1,Back Left,0,h quc,0.5364483176129236,1763908389.6892498,1763908389.6892498
-1,Front,0,ttle,0.9988685901576467,1763908392.2429981,1763908392.2429981
95,Back Right,0,K),0.7419169358178863,1763908394.3686714,1763908394.3686714
-1,Back Left,0,h qu,0.8681827455556604,1763908397.4940436,1763908397.4940436
-1,Front,0,95 435,0.9998965341396178,1763908399.949284,1763908399.949284
96,Back Right,0,OK),0.584535438695004,1763908404.4530134,1763908404.4530134
-1,Back Right,0,[Bottle 96 YCLO RIMAGAZ,0.9190388148621084,1763908407.2766347,1763908407.2766347
-1,Back Left,0,ch,0.9990223331519825,1763908409.0925741,1763908409.0925741
-1,Front,0,96 439,0.9998137905460043,1763908411.5891871,1763908411.5891871
98,Back Right,0,Jk),0.6059555045414508,1763908415.7001631,1763908415.7001631
-1,Back Left,0,h que,0.8248035793590364,1763908420.8139367,1763908420.8139367
98,Front,0,97,0.9999777005663172,1763908424.3508518,1763908424.3508518
98,Back Right,0,OK),0.7967780920566255,1763908428.1862674,1763908428.1862674
-1,Back Left,0,ch quc,0.9065341690930911,1763908431.7220564,1763908431.7220564
-1,Front,0,98 S0,0.9337174482880315,1763908433.8095458,1763908433.8095458
98,Top,0,(,0.5597224336115723,1763908436.1767068,1763908436.1767068
99,Back Right,0,Ok),0.7414113705064453,1763908437.46327,1763908437.46327
100,Back Left,0,h que,0.9652680360656013,1763908440.05384,1763908440.05384
-1,Front,0,99 ( 454,0.9993288663227249,1763908441.866982,1763908441.866982
101,Back Right,0,K),0.9481507064639946,1763908445.058349,1763908445.058349
-1,Back Left,0,h que,0.5601870267854311,1763908448.1968787,1763908448.1968787
-1,Front,0,458,0.9998066716310983,1763908450.4550848,1763908450.4550848
101,Back Right,0,Ok),0.6139269813175876,1763908454.0208256,1763908454.0208256
-1,Back Left,0,ch,0.9565691845793278,1763908457.6957405,1763908457.6957405
-1,Front,0,01,0.9999951952626506,1763908459.8246753,1763908459.8246753
101,Top,0,6,0.7232149843096067,1763908461.3286998,1763908461.3286998
103,Back Right,0,K),0.9790218754284736,1763908462.758159,1763908462.758159
102,Top,0,44,0.9134926339669402,1763908463.535268,1763908463.535268
-1,Back Left,0,h que,0.6668076404171325,1763908467.0343812,1763908467.0343812
-1,Front,0,466,0.9997915992488784,1763908469.313504,1763908469.313504
103,Back Right,0,JK,0.6444016183284451,1763908471.6353254,1763908471.6353254
-1,Back Left,0,ch que,0.6237032570109367,1763908474.6771233,1763908474.6771233
-1,Front,0,03 70,0.9844978681725363,1763908476.5829859,1763908476.5829859
104,Top,0,5,0.5104591605652367,1763908476.7764792,1763908476.7764792
104,Back Right,0,Ok),0.5345179595760143,1763908479.244466,1763908479.244466
-1,Back Left,0,quc,0.6713374017211119,1763908480.8872893,1763908480.8872893
-1,Front,0,04,0.9932940464781708,1763908483.502981,1763908483.502981
106,Back Right,0,K),0.9827517178455335,1763908485.9590132,1763908485.9590132
-1,Back Left,0,h que,0.8300202558376673,1763908489.900211,1763908489.900211
105,Top,0,0,0.9745499963376147,1763908491.298577,1763908491.298577
-1,Front,0,10 478,0.9994668006219289,1763908492.1466079,1763908492.1466079
107,Back Right,0,Ok),0.8003641057381274,1763908495.3702319,1763908495.3702319
107,Back Left,0,quc,0.6744615764847448,1763908499.8130445,1763908499.8130445
-1,Front,0,le 48,0.9258828662887115,1763908502.7462726,1763908502.7462726
108,Back Right,0,Uk),0.5902793482321729,1763908507.6945217,1763908507.6945217
108,Back Left,0,qu,0.9949873697474191,1763908512.4003534,1763908512.4003534
-1,Front,0,Bottle,0.9976560180519419,1763908516.75472,1763908516.75472
108,Back Right,0,OK),0.8571770201561353,1763908520.453256,1763908520.453256
-1,Back Left,0,quc,0.7353417418937807,1763908525.6413538,1763908525.6413538
109,Front,0,Ucuc,0.6083577871322632,1763908533.1923087,1763908533.1923087
-1,Back Left,0,h que,0.8559182220731352,1763908538.4041114,1763908538.4041114
109,Back Right,0,Jue;,0.7356541156768799,1763908538.5080843,1763908538.5080843
-1,Front,0,09 95,0.9855248486781434,1763908538.8915796,1763908538.8915796
-1,Back Left,0,quc,0.9141163111906054,1763908547.3134701,1763908547.3134701
-1,Front,0,ttle,0.7410552418605031,1763908551.7986329,1763908551.7986329
110,Back Right,0,(OK),0.5588083863258362,1763908553.347266,1763908553.347266
111,Back Right,0,uc;_,0.661052405834198,1763908557.2719097,1763908557.2719097
-1,Back Left,0,ch,0.966487182421928,1763908557.8920279,1763908557.8920279
-1,Front,0,ttle,0.9999945759773254,1763908560.340877,1763908560.340877
112,Back Right,0,111 (Ok),0.5202707764511949,1763908563.7175694,1763908563.7175694
-1,Back Left,0,ch que,0.7316351836810125,1763908565.299495,1763908565.299495
-1,Front,0,112 509,0.8466899801075001,1763908566.83825,1763908566.83825
112,Top,0,0,0.7569897219065389,1763908566.9123876,1763908566.9123876
114,Back Right,0,Ok),0.7842194259154779,1763908569.6039603,1763908569.6039603
114,Back Left,0,ch que,0.7602169286965954,1763908572.4185138,1763908572.4185138
-1,Front,0,11,0.9999553246328752,1763908575.2778041,1763908575.2778041
-1,Back Left,0,ch que,0.7603689957681714,1763908582.349398,1763908582.349398
114,Back Right,0,Iueue:,0.5512521376513373,1763908583.7347589,1763908583.7347589
-1,Front,0,le D: 52,0.9069861120379374,1763908584.7422142,1763908584.7422142
115,Back Right,0,AG4Z,0.6616582870483398,1763908587.4242177,1763908587.4242177
-1,Back Left,0,quc,0.8818999827554539,1763908588.6096797,1763908588.6096797
-1,Front,0,528,0.9999093573465949,1763908590.304743,1763908590.304743
116,Back Right,0,AGAZ,0.8214204435636281,1763908593.2264988,1763908593.2264988
-1,Back Right,0,Bottle 11 YCLO ID: 538,0.671870482858065,1763908593.7290711,1763908593.7290711
117,Back Left,0,h que,0.6333117844639745,1763908594.1264791,1763908594.1264791
-1,Front,0,116 635,0.8516248128876616,1763908595.86561,1763908595.86561
117,Back Right,0,Jk),0.5174635038969039,1763908597.467054,1763908597.467054
-1,Back Left,0,h que,0.9260714341595843,1763908598.6607904,1763908598.6607904
117,Top,0,K),0.9315788849487873,1763908600.1711159,1763908600.1711159
-1,Front,0,(O,0.726924965164512,1763908600.6326964,1763908600.6326964
118,Back Right,0,Ok),0.6736072888207868,1763908602.0619142,1763908602.0619142
-1,Back Left,0,quc,0.6292629749014717,1763908605.645025,1763908605.645025
-1,Front,0,tle,0.9936718427735027,1763908607.5929964,1763908607.5929964
120,Back Right,0,Uk,0.7225242291299073,1763908609.804121,1763908609.804121
-1,Back Left,0,quc,0.916893824553392,1763908612.6142058,1763908612.6142058
-1,Front,0,ttle ID:,0.9887255088941376,1763908614.6910684,1763908614.6910684
120,Back Right,0,(OK),0.5819957852363586,1763908617.2793205,1763908617.2793205
-1,Back Left,0,h,0.9997712504564369,1763908619.2798321,1763908619.2798321
-1,Front,0,12 55F,0.886372624582642,1763908620.9284341,1763908620.9284341
121,Back Right,0,Uk),0.5262990601023426,1763908622.7734752,1763908622.7734752
-1,Back Left,0,qu,0.8143812023309278,1763908626.2825727,1763908626.2825727
-1,Front,0,ottle,0.9999542048553457,1763908628.3861027,1763908628.3861027
-1,Back Left,0,h que,0.9752754360232656,1763908631.5794442,1763908631.5794442
122,Back Right,0,(oK),0.5096138119697571,1763908632.4251752,1763908632.4251752
-1,Back Left,0,ID: 570 batch,0.9837716093442322,1763908636.4697201,1763908636.4697201
123,Front,0,Ucuc;,0.514094801208963,1763908636.7349176,1763908636.7349176
123,Back Right,0,2 (K),0.6688664716508566,1763908638.0158706,1763908638.0158706
-1,Back Left,0,que,0.9038457056359284,1763908642.0647457,1763908642.0647457
124,Front,0,Ucuc,0.6665440797805786,1763908646.2041292,1763908646.2041292
-1,Back Left,0,ch,0.983625418464259,1763908650.5383177,1763908650.5383177
124,Back Right,0,"PRI""",0.838102400302887,1763908652.357647,1763908652.357647
-1,Front,0,12 580,0.9954719958487459,1763908652.6552653,1763908652.6552653
126,Back Right,0,K),0.9201027057183336,1763908654.6805649,1763908654.6805649
126,Back Left,0,h quc,0.7680220828263958,1763908658.4209232,1763908658.4209232
-1,Front,0,586,0.9995276654352583,1763908660.242079,1763908660.242079
127,Back Right,0,Jk),0.5869780293196887,1763908662.9131758,1763908662.9131758
-1,Back Left,0,h qu,0.9963946772621098,1763908668.3516414,1763908668.3516414
127,Front,0,IAGAZ,0.675947582550146,1763908671.5381083,1763908671.5381083
128,Back Right,0,Un,0.5772488900667763,1763908673.0458229,1763908673.0458229
-1,Back Left,0,quc,0.5550126083555631,1763908676.9333563,1763908676.9333563
-1,Front,0,tle D: 55,0.6606950812610941,1763908679.1506536,1763908679.1506536
128,Back Right,0,K,0.6194617899416386,1763908681.3632421,1763908681.3632421
129,Back Left,0,h que,0.8552583945474748,1763908683.747675,1763908683.747675
129,Top,0,0,0.5883287128102701,1763908686.0637581,1763908686.0637581
129,Front,0,5,0.7604515327341375,1763908686.0957263,1763908686.0957263
130,Back Right,0,OK),0.5330127481229641,1763908688.4453685,1763908688.4453685
-1,Back Left,0,que,0.5936782588973138,1763908691.7342403,1763908691.7342403
-1,Front,0,ID: 60,0.7418435925408856,1763908694.3230386,1763908694.3230386
131,Back Right,0,Ok),0.5168440920863557,1763908696.7141771,1763908696.7141771
130,Top,0,6,0.8326212672093334,1763908700.8916078,1763908700.8916078
-1,Back Left,0,h quc,0.9365482163746878,1763908701.3248503,1763908701.3248503
131,Front,0,Ucuc,0.6318175792694092,1763908705.619236,1763908705.619236
-1,Back Left,0,YCLO ID: 610 batc,0.8941779473175859,1763908706.4854934,1763908706.4854934
-1,Front,0,YCLO ID: 612,0.8092882400218486,1763908710.0541248,1763908710.0541248
-1,Back Left,0,ch que,0.6595498590055111,1763908710.2116764,1763908710.2116764
131,Back Right,0,ucue:,0.627714280862221,1763908711.5064385,1763908711.5064385
-1,Front,0,tle ID: 61,0.9771753350149477,1763908712.4232376,1763908712.4232376
132,Back Right,0,(Ok),0.78113853931427,1763908715.1670992,1763908715.1670992
-1,Back Left,0,quc,0.8612710684559609,1763908721.505568,1763908721.505568
133,Front,0,PRIMAC,0.5820098740736657,1763908725.2953255,1763908725.2953255
-1,Back Left,0,621 queue: 2 ba,0.823308347978511,1763908726.9981325,1763908726.9981325
-1,Back Left,0,qu,0.9858602787880556,1763908732.3098145,1763908732.3098145
133,Back Right,0,ucue:,0.5691186219901702,1763908732.6884794,1763908732.6884794
-1,Front,0,Bottle,0.8790518901648204,1763908734.5397663,1763908734.5397663
134,Back Right,0,Joue: 0,0.5000741261430611,1763908742.0103662,1763908742.0103662
-1,Back Left,0,h que,0.6086369934189954,1763908742.268046,1763908742.268046
135,Front,0,GAZ,0.9086902447960448,1763908745.9568472,1763908745.9568472
135,Back Right,0,RIMAGA,0.7601449299551777,1763908748.0540023,1763908748.0540023
-1,Back Left,0,quc,0.8923898843518152,1763908749.5718505,1763908749.5718505
-1,Front,0,135 636,0.8415643028897546,1763908752.5200534,1763908752.5200534
137,Back Left,0,quc,0.8319092672268595,1763908757.9199548,1763908757.9199548
136,Back Right,0,PRII,0.9175155162811279,1763908760.4850016,1763908760.4850016
-1,Front,0,640,0.9992684206332506,1763908760.7037313,1763908760.7037313
137,Back Right,0,OK),0.6610811979318937,1763908763.3420372,1763908763.3420372
-1,Back Left,0,que,0.9524765102079384,1763908767.6962748,1763908767.6962748
-1,Front,0,137 645,0.9999684092181166,1763908771.3912218,1763908771.3912218
139,Back Left,0,que,0.9422203301435287,1763908777.569281,1763908777.569281
-1,Front,0,ottle ID:,0.7664037954666261,1763908780.8492386,1763908780.8492386
139,Back Right,0,MaGAZ,0.6195663327956534,1763908783.7202506,1763908783.7202506
-1,Back Left,0,quc,0.6276691685787664,1763908785.754321,1763908785.754321
140,Front,0,PRIMA,0.8688260785259864,1763908790.3542717,1763908790.3542717
141,Back Right,0,K),0.5324910017753614,1763908790.80783,1763908790.80783
-1,Back Left,0,h quc,0.5094323357462957,1763908793.5121863,1763908793.5121863
-1,Front,0,le D: 66,0.9604890202445184,1763908795.6673956,1763908795.6673956
141,Top,0,0,0.6531007278763354,1763908795.952131,1763908795.952131
141,Back Right,0,Ok),0.6192863966894787,1763908797.7234025,1763908797.7234025
-1,Back Left,0,quc,0.5210040112825842,1763908805.6147852,1763908805.6147852
142,Back Right,0,Jue;,0.6929624080657959,1763908815.9477043,1763908815.9477043
-1,Back Left,0,que,0.6434439582377471,1763908817.5730197,1763908817.5730197
143,Front,0,GAZ,0.606550532717474,1763908820.4853158,1763908820.4853158
143,Back Right,0,"""MAGAZ",0.9025584692808992,1763908822.8773293,1763908822.8773293
-1,Back Left,0,quc,0.643810530663046,1763908824.365928,1763908824.365928
-1,Front,0,14 676,0.9308293290332595,1763908827.4312692,1763908827.4312692
145,Back Right,0,Ok),0.6931927490849573,1763908831.7358954,1763908831.7358954
-1,Back Left,0,que,0.6847995990511327,1763908835.6905208,1763908835.6905208
144,Top,0,K),0.7358101210678859,1763908837.7153947,1763908837.7153947
-1,Front,0,44 80,0.9994448055957476,1763908839.0621963,1763908839.0621963
145,Back Right,0,(NOK),0.9172436800596866,1763908842.2037816,1763908842.2037816
-1,Back Left,0,quc,0.7101948418498387,1763908844.750682,1763908844.750682
-1,Front,0,145 684,0.9051222566465268,1763908847.641013,1763908847.641013
146,Back Right,0,Ok),0.5815795850436777,1763908850.700266,1763908850.700266
-1,Back Left,0,quc,0.6276441443706855,1763908856.7975185,1763908856.7975185
-1,Front,0,ottle,0.9943620280117025,1763908859.6087413,1763908859.6087413
147,Back Right,0,Ok),0.8067424595034072,1763908864.8297203,1763908864.8297203
-1,Back Left,0,h que,0.7633340259822308,1763908872.7585092,1763908872.7585092
147,Top,0,@,0.9061330245515684,1763908876.0724173,1763908876.0724173
-1,Front,0,ttle,0.999997615814209,1763908877.699866,1763908877.699866
148,Back Right,0,Uk),0.6979104315782211,1763908880.1561828,1763908880.1561828
-1,Back Left,0,h que,0.9664783509334818,1763908883.0906775,1763908883.0906775
-1,Front,0,tle ID: 65,0.8469468814399369,1763908884.5643296,1763908884.5643296
149,Back Right,0,Uk),0.5803007000898704,1763908886.25782,1763908886.25782
-1,Back Left,0,h que,0.6021523227347411,1763908887.6106365,1763908887.6106365
-1,Front,0,149,0.9999591177558067,1763908888.9102273,1763908888.9102273
149,Top,0,6,0.5622001689977338,1763908889.0852559,1763908889.0852559
151,Back Right,0,(Uk),0.5132433772087097,1763908890.6296504,1763908890.6296504
-1,Back Left,0,h que,0.714742868249576,1763908892.7677078,1763908892.7677078
-1,Front,0,ottle,0.9998315856706198,1763908894.032943,1763908894.032943
151,Back Right,0,Ok),0.7607150733355569,1763908895.3517528,1763908895.3517528
-1,Back Left,0,h que,0.6100658245584366,1763908899.844893,1763908899.844893
152,Front,0,GAZ,0.7759896289622096,1763908901.1593752,1763908901.1593752
152,Back Right,0,Icue: 2,0.5806310004849257,1763908905.5880017,1763908905.5880017
-1,Back Left,0,ch,0.8448746578750341,1763908905.6484385,1763908905.6484385
-1,Front,0,ttle,0.9978436231613159,1763908907.114879,1763908907.114879
153,Back Right,0,OK),0.5810254021863632,1763908908.499641,1763908908.499641
-1,Front,0,(Or),0.5042762160301208,1763908910.0337424,1763908910.0337424
-1,Back Left,0,que,0.7697445956094721,1763908910.0933743,1763908910.0933743
155,Back Right,0,K),0.9885537378817926,1763908912.763698,1763908912.763698
-1,Back Right,0,(Ok),0.6399843692779541,1763908914.6949596,1763908914.6949596
